input_text,generated_summary,reference_summary_1,
What are the main differences between vertebrates and invertebrates?,"Vertebrates have a backbone, while invertebrates don't. Examples: vertebrates - mammals, birds, reptiles; invertebrates - insects, spiders.","Vertebrates have a backbone, while invertebrates do not. Examples of vertebrates include mammals, birds, reptiles, amphibians, and fish. Examples of invertebrates include insects, spiders, worms, and mollusks.",
How do animals adapt to their environments?,"Animals adapt through camouflage, hibernation, migration, etc.","Animals adapt to their environments through various mechanisms such as camouflage, mimicry, hibernation, and migration.",
What are the key characteristics of mammals?,"Mammals have hair, produce milk, and give birth to live young.","Mammals are characterized by features such as having hair or fur, mammary glands that produce milk to nourish their young, and typically giving birth to live young.",
How do animals communicate with each other?,"Animals communicate via vocalizations, body language, scent, and visual cues.","Animals communicate using a variety of methods, including vocalizations, body language, scent marking, and visual displays.",
What threats do animals face in terms of biodiversity?,"Threats: habitat loss, pollution, climate change, overhunting, invasive species.","Threats to animal biodiversity include habitat loss, pollution, climate change, overhunting or poaching, and invasive species.",
How do animals reproduce?,"Reproduction methods: sexual, asexual, or a combination.","Animals reproduce through methods such as sexual reproduction (involving the union of sperm and egg), asexual reproduction (e.g., budding, fragmentation), or a combination of both.",
What role do animals play in ecosystems?,"Animals contribute to ecosystems as predators, prey, pollinators, etc.","Animals play crucial roles in ecosystems as predators, prey, pollinators, seed dispersers, and ecosystem engineers, contributing to the overall balance and functioning of the environment.",
How have humans domesticated animals?,"Humans domesticate animals for food, transportation, companionship, labor.","Humans have domesticated animals for various purposes such as food, transportation, companionship, and labor, resulting in diverse domesticated species like dogs, cats, cows, and horses.",
Can animals display intelligence?,"Some animals show intelligence through problem-solving, tool use, social behavior.","Some animals demonstrate intelligence through problem-solving abilities, tool use, social behavior, and communication. Examples include dolphins, chimpanzees, elephants, and certain bird species like crows and parrots.",
How do animals perceive their environments?,"Animals perceive their environments through sight, hearing, smell, taste, touch.","Animals perceive their environments through senses such as sight, hearing, smell, taste, and touch. However, the range and sensitivity of these senses vary across species depending on their evolutionary adaptations and ecological niche.",
